[{"zoom":"1","part":"","part_code":"06e162c4505e2484616d3a6b1053f97a_0","Name":"金水桥东","ID":"100130J9150518103217010","headind":"","pitch":"","audio":"data/audio/8004.mp3","text":"<p>太和门是紫禁城外朝庄严的门户，明永乐年建成，初称奉天门，嘉靖朝改名皇极门。清顺治入主北京后始名太和门。现有建筑为清光绪年间火灾后重建而成。<br>太和门建筑面积1300平方米，座落于汉白玉基座上，丹陛下列铜鼎四只，门前左右分列石亭、石匮，两只宫内最大的青铜狮子为明代铸造。太和门前有面积约26000平方米的广场，内金水河自西向东蜿蜒流过。河上横架五座石桥，习称内金水桥。<br>奉天门（即太和门）在明代是皇帝早朝御门听政的场所，且洪熙、宣德、正统三朝皇帝即在此门登基即位，所以在明代此门又被称为大朝门。清入关后，顺治皇帝也在此颁诏天下。<\/p>"},{"zoom":"1","part":"","part_code":"06e162c4505e2484616d3a6b1053f97a_0","Name":"金水桥南","ID":"100130J9150518103526930","headind":"","pitch":"","audio":"data/audio/8004.mp3","text":"<p>太和门是紫禁城外朝庄严的门户，明永乐年建成，初称奉天门，嘉靖朝改名皇极门。清顺治入主北京后始名太和门。现有建筑为清光绪年间火灾后重建而成。<br>太和门建筑面积1300平方米，座落于汉白玉基座上，丹陛下列铜鼎四只，门前左右分列石亭、石匮，两只宫内最大的青铜狮子为明代铸造。太和门前有面积约26000平方米的广场，内金水河自西向东蜿蜒流过。河上横架五座石桥，习称内金水桥。<br>奉天门（即太和门）在明代是皇帝早朝御门听政的场所，且洪熙、宣德、正统三朝皇帝即在此门登基即位，所以在明代此门又被称为大朝门。清入关后，顺治皇帝也在此颁诏天下。<\/p>"},{"zoom":"1","part":"","part_code":"06e162c4505e2484616d3a6b1053f97a_0","Name":"金水桥","ID":"100130J9150518104023610","headind":"","pitch":"","audio":"data/audio/8004.mp3","text":"<p>太和门是紫禁城外朝庄严的门户，明永乐年建成，初称奉天门，嘉靖朝改名皇极门。清顺治入主北京后始名太和门。现有建筑为清光绪年间火灾后重建而成。<br>太和门建筑面积1300平方米，座落于汉白玉基座上，丹陛下列铜鼎四只，门前左右分列石亭、石匮，两只宫内最大的青铜狮子为明代铸造。太和门前有面积约26000平方米的广场，内金水河自西向东蜿蜒流过。河上横架五座石桥，习称内金水桥。<br>奉天门（即太和门）在明代是皇帝早朝御门听政的场所，且洪熙、宣德、正统三朝皇帝即在此门登基即位，所以在明代此门又被称为大朝门。清入关后，顺治皇帝也在此颁诏天下。<\/p>"},{"zoom":"1","part":"","part_code":"06e162c4505e2484616d3a6b1053f97a_0","Name":"金水桥","ID":"100130J9150518104532200","headind":"","pitch":"","audio":"data/audio/8004.mp3","text":"<p>太和门是紫禁城外朝庄严的门户，明永乐年建成，初称奉天门，嘉靖朝改名皇极门。清顺治入主北京后始名太和门。现有建筑为清光绪年间火灾后重建而成。<br>太和门建筑面积1300平方米，座落于汉白玉基座上，丹陛下列铜鼎四只，门前左右分列石亭、石匮，两只宫内最大的青铜狮子为明代铸造。太和门前有面积约26000平方米的广场，内金水河自西向东蜿蜒流过。河上横架五座石桥，习称内金水桥。<br>奉天门（即太和门）在明代是皇帝早朝御门听政的场所，且洪熙、宣德、正统三朝皇帝即在此门登基即位，所以在明代此门又被称为大朝门。清入关后，顺治皇帝也在此颁诏天下。<\/p>"},{"zoom":"1","part":"","part_code":"06e162c4505e2484616d3a6b1053f97a_0","Name":"金水桥南","ID":"100130J9150518104903360","headind":"","pitch":"","audio":"data/audio/8004.mp3","text":"<p>太和门是紫禁城外朝庄严的门户，明永乐年建成，初称奉天门，嘉靖朝改名皇极门。清顺治入主北京后始名太和门。现有建筑为清光绪年间火灾后重建而成。<br>太和门建筑面积1300平方米，座落于汉白玉基座上，丹陛下列铜鼎四只，门前左右分列石亭、石匮，两只宫内最大的青铜狮子为明代铸造。太和门前有面积约26000平方米的广场，内金水河自西向东蜿蜒流过。河上横架五座石桥，习称内金水桥。<br>奉天门（即太和门）在明代是皇帝早朝御门听政的场所，且洪熙、宣德、正统三朝皇帝即在此门登基即位，所以在明代此门又被称为大朝门。清入关后，顺治皇帝也在此颁诏天下。<\/p>"},{"zoom":"1","part":"","part_code":"06e162c4505e2484616d3a6b1053f97a_0","Name":"金水桥","ID":"100130J9150518105604010","headind":"","pitch":"","audio":"data/audio/8004.mp3","text":"<p>太和门是紫禁城外朝庄严的门户，明永乐年建成，初称奉天门，嘉靖朝改名皇极门。清顺治入主北京后始名太和门。现有建筑为清光绪年间火灾后重建而成。<br>太和门建筑面积1300平方米，座落于汉白玉基座上，丹陛下列铜鼎四只，门前左右分列石亭、石匮，两只宫内最大的青铜狮子为明代铸造。太和门前有面积约26000平方米的广场，内金水河自西向东蜿蜒流过。河上横架五座石桥，习称内金水桥。<br>奉天门（即太和门）在明代是皇帝早朝御门听政的场所，且洪熙、宣德、正统三朝皇帝即在此门登基即位，所以在明代此门又被称为大朝门。清入关后，顺治皇帝也在此颁诏天下。<\/p>"},{"zoom":"1","part":"","part_code":"06e162c4505e2484616d3a6b1053f97a_0","Name":"金水桥","ID":"100130J9150518110239160","headind":"","pitch":"","audio":"data/audio/8004.mp3","text":"<p>太和门是紫禁城外朝庄严的门户，明永乐年建成，初称奉天门，嘉靖朝改名皇极门。清顺治入主北京后始名太和门。现有建筑为清光绪年间火灾后重建而成。<br>太和门建筑面积1300平方米，座落于汉白玉基座上，丹陛下列铜鼎四只，门前左右分列石亭、石匮，两只宫内最大的青铜狮子为明代铸造。太和门前有面积约26000平方米的广场，内金水河自西向东蜿蜒流过。河上横架五座石桥，习称内金水桥。<br>奉天门（即太和门）在明代是皇帝早朝御门听政的场所，且洪熙、宣德、正统三朝皇帝即在此门登基即位，所以在明代此门又被称为大朝门。清入关后，顺治皇帝也在此颁诏天下。<\/p>"},{"zoom":"1","part":"","part_code":"06e162c4505e2484616d3a6b1053f97a_0","Name":"金水桥","ID":"100130J3150518101844000","headind":"","pitch":"","audio":"data/audio/8004.mp3","text":"<p>太和门是紫禁城外朝庄严的门户，明永乐年建成，初称奉天门，嘉靖朝改名皇极门。清顺治入主北京后始名太和门。现有建筑为清光绪年间火灾后重建而成。<br>太和门建筑面积1300平方米，座落于汉白玉基座上，丹陛下列铜鼎四只，门前左右分列石亭、石匮，两只宫内最大的青铜狮子为明代铸造。太和门前有面积约26000平方米的广场，内金水河自西向东蜿蜒流过。河上横架五座石桥，习称内金水桥。<br>奉天门（即太和门）在明代是皇帝早朝御门听政的场所，且洪熙、宣德、正统三朝皇帝即在此门登基即位，所以在明代此门又被称为大朝门。清入关后，顺治皇帝也在此颁诏天下。<\/p>"},{"zoom":"1","part":"","part_code":"06e162c4505e2484616d3a6b1053f97a_0","Name":"金水桥","ID":"100130J3150518100407000","headind":"","pitch":"","audio":"data/audio/8004.mp3","text":"<p>太和门是紫禁城外朝庄严的门户，明永乐年建成，初称奉天门，嘉靖朝改名皇极门。清顺治入主北京后始名太和门。现有建筑为清光绪年间火灾后重建而成。<br>太和门建筑面积1300平方米，座落于汉白玉基座上，丹陛下列铜鼎四只，门前左右分列石亭、石匮，两只宫内最大的青铜狮子为明代铸造。太和门前有面积约26000平方米的广场，内金水河自西向东蜿蜒流过。河上横架五座石桥，习称内金水桥。<br>奉天门（即太和门）在明代是皇帝早朝御门听政的场所，且洪熙、宣德、正统三朝皇帝即在此门登基即位，所以在明代此门又被称为大朝门。清入关后，顺治皇帝也在此颁诏天下。<\/p>"},{"zoom":"1","part":"","part_code":"06e162c4505e2484616d3a6b1053f97a_0","Name":"金水桥南","ID":"100130J3150518095916000","headind":"","pitch":"","audio":"data/audio/8004.mp3","text":"<p>太和门是紫禁城外朝庄严的门户，明永乐年建成，初称奉天门，嘉靖朝改名皇极门。清顺治入主北京后始名太和门。现有建筑为清光绪年间火灾后重建而成。<br>太和门建筑面积1300平方米，座落于汉白玉基座上，丹陛下列铜鼎四只，门前左右分列石亭、石匮，两只宫内最大的青铜狮子为明代铸造。太和门前有面积约26000平方米的广场，内金水河自西向东蜿蜒流过。河上横架五座石桥，习称内金水桥。<br>奉天门（即太和门）在明代是皇帝早朝御门听政的场所，且洪熙、宣德、正统三朝皇帝即在此门登基即位，所以在明代此门又被称为大朝门。清入关后，顺治皇帝也在此颁诏天下。<\/p>"},{"zoom":"1","part":"","part_code":"06e162c4505e2484616d3a6b1053f97a_0","Name":"金水桥南","ID":"100130J3150518101442000","headind":"","pitch":"","audio":"data/audio/8004.mp3","text":"<p>太和门是紫禁城外朝庄严的门户，明永乐年建成，初称奉天门，嘉靖朝改名皇极门。清顺治入主北京后始名太和门。现有建筑为清光绪年间火灾后重建而成。<br>太和门建筑面积1300平方米，座落于汉白玉基座上，丹陛下列铜鼎四只，门前左右分列石亭、石匮，两只宫内最大的青铜狮子为明代铸造。太和门前有面积约26000平方米的广场，内金水河自西向东蜿蜒流过。河上横架五座石桥，习称内金水桥。<br>奉天门（即太和门）在明代是皇帝早朝御门听政的场所，且洪熙、宣德、正统三朝皇帝即在此门登基即位，所以在明代此门又被称为大朝门。清入关后，顺治皇帝也在此颁诏天下。<\/p>"},{"zoom":"1","part":"","part_code":"06e162c4505e2484616d3a6b1053f97a_0","Name":"金水桥北","ID":"100130J3150518100908000","headind":"","pitch":"","audio":"data/audio/8004.mp3","text":"<p>太和门是紫禁城外朝庄严的门户，明永乐年建成，初称奉天门，嘉靖朝改名皇极门。清顺治入主北京后始名太和门。现有建筑为清光绪年间火灾后重建而成。<br>太和门建筑面积1300平方米，座落于汉白玉基座上，丹陛下列铜鼎四只，门前左右分列石亭、石匮，两只宫内最大的青铜狮子为明代铸造。太和门前有面积约26000平方米的广场，内金水河自西向东蜿蜒流过。河上横架五座石桥，习称内金水桥。<br>奉天门（即太和门）在明代是皇帝早朝御门听政的场所，且洪熙、宣德、正统三朝皇帝即在此门登基即位，所以在明代此门又被称为大朝门。清入关后，顺治皇帝也在此颁诏天下。<\/p>"},{"zoom":"1","part":"","part_code":"06e162c4505e2484616d3a6b1053f97a_0","Name":"金水桥南","ID":"100130J3150518111950000","headind":"","pitch":"","audio":"data/audio/8004.mp3","text":"<p>太和门是紫禁城外朝庄严的门户，明永乐年建成，初称奉天门，嘉靖朝改名皇极门。清顺治入主北京后始名太和门。现有建筑为清光绪年间火灾后重建而成。<br>太和门建筑面积1300平方米，座落于汉白玉基座上，丹陛下列铜鼎四只，门前左右分列石亭、石匮，两只宫内最大的青铜狮子为明代铸造。太和门前有面积约26000平方米的广场，内金水河自西向东蜿蜒流过。河上横架五座石桥，习称内金水桥。<br>奉天门（即太和门）在明代是皇帝早朝御门听政的场所，且洪熙、宣德、正统三朝皇帝即在此门登基即位，所以在明代此门又被称为大朝门。清入关后，顺治皇帝也在此颁诏天下。<\/p>"},{"zoom":"1","part":"","part_code":"06e162c4505e2484616d3a6b1053f97a_0","Name":"金水桥","ID":"100130J3150518111631000","headind":"","pitch":"","audio":"data/audio/8004.mp3","text":"<p>太和门是紫禁城外朝庄严的门户，明永乐年建成，初称奉天门，嘉靖朝改名皇极门。清顺治入主北京后始名太和门。现有建筑为清光绪年间火灾后重建而成。<br>太和门建筑面积1300平方米，座落于汉白玉基座上，丹陛下列铜鼎四只，门前左右分列石亭、石匮，两只宫内最大的青铜狮子为明代铸造。太和门前有面积约26000平方米的广场，内金水河自西向东蜿蜒流过。河上横架五座石桥，习称内金水桥。<br>奉天门（即太和门）在明代是皇帝早朝御门听政的场所，且洪熙、宣德、正统三朝皇帝即在此门登基即位，所以在明代此门又被称为大朝门。清入关后，顺治皇帝也在此颁诏天下。<\/p>"},{"zoom":"1","part":"","part_code":"06e162c4505e2484616d3a6b1053f97a_0","Name":"金水桥","ID":"100130J3150518111334000","headind":"","pitch":"","audio":"data/audio/8004.mp3","text":"<p>太和门是紫禁城外朝庄严的门户，明永乐年建成，初称奉天门，嘉靖朝改名皇极门。清顺治入主北京后始名太和门。现有建筑为清光绪年间火灾后重建而成。<br>太和门建筑面积1300平方米，座落于汉白玉基座上，丹陛下列铜鼎四只，门前左右分列石亭、石匮，两只宫内最大的青铜狮子为明代铸造。太和门前有面积约26000平方米的广场，内金水河自西向东蜿蜒流过。河上横架五座石桥，习称内金水桥。<br>奉天门（即太和门）在明代是皇帝早朝御门听政的场所，且洪熙、宣德、正统三朝皇帝即在此门登基即位，所以在明代此门又被称为大朝门。清入关后，顺治皇帝也在此颁诏天下。<\/p>"},{"zoom":"1","part":"","part_code":"06e162c4505e2484616d3a6b1053f97a_0","Name":"金水桥北","ID":"100130J3150518110841000","headind":"","pitch":"","audio":"data/audio/8004.mp3","text":"<p>太和门是紫禁城外朝庄严的门户，明永乐年建成，初称奉天门，嘉靖朝改名皇极门。清顺治入主北京后始名太和门。现有建筑为清光绪年间火灾后重建而成。<br>太和门建筑面积1300平方米，座落于汉白玉基座上，丹陛下列铜鼎四只，门前左右分列石亭、石匮，两只宫内最大的青铜狮子为明代铸造。太和门前有面积约26000平方米的广场，内金水河自西向东蜿蜒流过。河上横架五座石桥，习称内金水桥。<br>奉天门（即太和门）在明代是皇帝早朝御门听政的场所，且洪熙、宣德、正统三朝皇帝即在此门登基即位，所以在明代此门又被称为大朝门。清入关后，顺治皇帝也在此颁诏天下。<\/p>"},{"zoom":"1","part":"","part_code":"06e162c4505e2484616d3a6b1053f97a_0","Name":"金水桥","ID":"100130J3150518102545000","headind":"","pitch":"","audio":"data/audio/8004.mp3","text":"<p>太和门是紫禁城外朝庄严的门户，明永乐年建成，初称奉天门，嘉靖朝改名皇极门。清顺治入主北京后始名太和门。现有建筑为清光绪年间火灾后重建而成。<br>太和门建筑面积1300平方米，座落于汉白玉基座上，丹陛下列铜鼎四只，门前左右分列石亭、石匮，两只宫内最大的青铜狮子为明代铸造。太和门前有面积约26000平方米的广场，内金水河自西向东蜿蜒流过。河上横架五座石桥，习称内金水桥。<br>奉天门（即太和门）在明代是皇帝早朝御门听政的场所，且洪熙、宣德、正统三朝皇帝即在此门登基即位，所以在明代此门又被称为大朝门。清入关后，顺治皇帝也在此颁诏天下。<\/p>"},{"zoom":"1","part":"","part_code":"06e162c4505e2484616d3a6b1053f97a_0","Name":"金水桥西","ID":"100130J3150518095453000","headind":"","pitch":"","audio":"data/audio/8004.mp3","text":"<p>太和门是紫禁城外朝庄严的门户，明永乐年建成，初称奉天门，嘉靖朝改名皇极门。清顺治入主北京后始名太和门。现有建筑为清光绪年间火灾后重建而成。<br>太和门建筑面积1300平方米，座落于汉白玉基座上，丹陛下列铜鼎四只，门前左右分列石亭、石匮，两只宫内最大的青铜狮子为明代铸造。太和门前有面积约26000平方米的广场，内金水河自西向东蜿蜒流过。河上横架五座石桥，习称内金水桥。<br>奉天门（即太和门）在明代是皇帝早朝御门听政的场所，且洪熙、宣德、正统三朝皇帝即在此门登基即位，所以在明代此门又被称为大朝门。清入关后，顺治皇帝也在此颁诏天下。<\/p>"}]