[{"zoom":"1","part":"","part_code":"74b501c15025a865ff58d8e920e1a1c9_0","Name":"午门东北","ID":"100130J9150518091840000","headind":"","pitch":"","audio":"data/audio/8001.mp3","text":"<p>午门为紫禁城正门，在南面城垣的正中，是紫禁城四座城门中最大的一座，也是紫禁城最高的建筑。明永乐十八年（1420年）建成。<br>午门城台上有一座主楼，两侧为钟亭、鼓亭，两翼城台南端又各有攒尖的阙楼，因其形若凤凰展翅，故午门又被称作“五凤楼”，形制上继承了中国古代宫殿南以朱雀门为皇宫正门的传统<br>午门中央门洞为皇帝出入的“御路门”， 此外只有大婚时皇后喜轿入宫，殿试高中的状元、榜眼和探花出宫时可以走中门，以示皇帝的优崇。宗室王公则出入西门，文武官员出入东门。城台左右转角各辟一掖门，只在大朝日开启。<br>午门也是皇帝经常举行重要仪式的地方，皇帝出午门祭太庙时击鼓，祭社稷时鸣钟，举行大典时钟鼓齐鸣。遇有大规模的凯旋献俘礼，午门前举行庄严的大型仪式，皇帝登临城楼，尽显皇权威仪。<br>明代，皇帝处罚大臣的“廷杖”也在此进行，“推出午门斩首”的说法即由此讹传而来。<br>现午门中央城楼已辟为故宫博物院的重要展厅。<\/p>"},{"zoom":"1","part":"","part_code":"74b501c15025a865ff58d8e920e1a1c9_0","Name":"午门东北","ID":"100130J9150518092054950","headind":"","pitch":"","audio":"data/audio/8001.mp3","text":"<p>午门为紫禁城正门，在南面城垣的正中，是紫禁城四座城门中最大的一座，也是紫禁城最高的建筑。明永乐十八年（1420年）建成。<br>午门城台上有一座主楼，两侧为钟亭、鼓亭，两翼城台南端又各有攒尖的阙楼，因其形若凤凰展翅，故午门又被称作“五凤楼”，形制上继承了中国古代宫殿南以朱雀门为皇宫正门的传统<br>午门中央门洞为皇帝出入的“御路门”， 此外只有大婚时皇后喜轿入宫，殿试高中的状元、榜眼和探花出宫时可以走中门，以示皇帝的优崇。宗室王公则出入西门，文武官员出入东门。城台左右转角各辟一掖门，只在大朝日开启。<br>午门也是皇帝经常举行重要仪式的地方，皇帝出午门祭太庙时击鼓，祭社稷时鸣钟，举行大典时钟鼓齐鸣。遇有大规模的凯旋献俘礼，午门前举行庄严的大型仪式，皇帝登临城楼，尽显皇权威仪。<br>明代，皇帝处罚大臣的“廷杖”也在此进行，“推出午门斩首”的说法即由此讹传而来。<br>现午门中央城楼已辟为故宫博物院的重要展厅。<\/p>"},{"zoom":"1","part":"","part_code":"74b501c15025a865ff58d8e920e1a1c9_0","Name":"午门东北","ID":"100130J9150518092323790","headind":"","pitch":"","audio":"data/audio/8001.mp3","text":"<p>午门为紫禁城正门，在南面城垣的正中，是紫禁城四座城门中最大的一座，也是紫禁城最高的建筑。明永乐十八年（1420年）建成。<br>午门城台上有一座主楼，两侧为钟亭、鼓亭，两翼城台南端又各有攒尖的阙楼，因其形若凤凰展翅，故午门又被称作“五凤楼”，形制上继承了中国古代宫殿南以朱雀门为皇宫正门的传统<br>午门中央门洞为皇帝出入的“御路门”， 此外只有大婚时皇后喜轿入宫，殿试高中的状元、榜眼和探花出宫时可以走中门，以示皇帝的优崇。宗室王公则出入西门，文武官员出入东门。城台左右转角各辟一掖门，只在大朝日开启。<br>午门也是皇帝经常举行重要仪式的地方，皇帝出午门祭太庙时击鼓，祭社稷时鸣钟，举行大典时钟鼓齐鸣。遇有大规模的凯旋献俘礼，午门前举行庄严的大型仪式，皇帝登临城楼，尽显皇权威仪。<br>明代，皇帝处罚大臣的“廷杖”也在此进行，“推出午门斩首”的说法即由此讹传而来。<br>现午门中央城楼已辟为故宫博物院的重要展厅。<\/p>"},{"zoom":"1","part":"","part_code":"74b501c15025a865ff58d8e920e1a1c9_0","Name":"午门东北","ID":"100130J9150518092705340","headind":"","pitch":"","audio":"data/audio/8001.mp3","text":"<p>午门为紫禁城正门，在南面城垣的正中，是紫禁城四座城门中最大的一座，也是紫禁城最高的建筑。明永乐十八年（1420年）建成。<br>午门城台上有一座主楼，两侧为钟亭、鼓亭，两翼城台南端又各有攒尖的阙楼，因其形若凤凰展翅，故午门又被称作“五凤楼”，形制上继承了中国古代宫殿南以朱雀门为皇宫正门的传统<br>午门中央门洞为皇帝出入的“御路门”， 此外只有大婚时皇后喜轿入宫，殿试高中的状元、榜眼和探花出宫时可以走中门，以示皇帝的优崇。宗室王公则出入西门，文武官员出入东门。城台左右转角各辟一掖门，只在大朝日开启。<br>午门也是皇帝经常举行重要仪式的地方，皇帝出午门祭太庙时击鼓，祭社稷时鸣钟，举行大典时钟鼓齐鸣。遇有大规模的凯旋献俘礼，午门前举行庄严的大型仪式，皇帝登临城楼，尽显皇权威仪。<br>明代，皇帝处罚大臣的“廷杖”也在此进行，“推出午门斩首”的说法即由此讹传而来。<br>现午门中央城楼已辟为故宫博物院的重要展厅。<\/p>"},{"zoom":"1","part":"","part_code":"74b501c15025a865ff58d8e920e1a1c9_0","Name":"午门东北","ID":"100130J9150518093200490","headind":"","pitch":"","audio":"data/audio/8001.mp3","text":"<p>午门为紫禁城正门，在南面城垣的正中，是紫禁城四座城门中最大的一座，也是紫禁城最高的建筑。明永乐十八年（1420年）建成。<br>午门城台上有一座主楼，两侧为钟亭、鼓亭，两翼城台南端又各有攒尖的阙楼，因其形若凤凰展翅，故午门又被称作“五凤楼”，形制上继承了中国古代宫殿南以朱雀门为皇宫正门的传统<br>午门中央门洞为皇帝出入的“御路门”， 此外只有大婚时皇后喜轿入宫，殿试高中的状元、榜眼和探花出宫时可以走中门，以示皇帝的优崇。宗室王公则出入西门，文武官员出入东门。城台左右转角各辟一掖门，只在大朝日开启。<br>午门也是皇帝经常举行重要仪式的地方，皇帝出午门祭太庙时击鼓，祭社稷时鸣钟，举行大典时钟鼓齐鸣。遇有大规模的凯旋献俘礼，午门前举行庄严的大型仪式，皇帝登临城楼，尽显皇权威仪。<br>明代，皇帝处罚大臣的“廷杖”也在此进行，“推出午门斩首”的说法即由此讹传而来。<br>现午门中央城楼已辟为故宫博物院的重要展厅。<\/p>"},{"zoom":"1","part":"","part_code":"74b501c15025a865ff58d8e920e1a1c9_0","Name":"午门北","ID":"100130J9150518093702720","headind":"","pitch":"","audio":"data/audio/8001.mp3","text":"<p>午门为紫禁城正门，在南面城垣的正中，是紫禁城四座城门中最大的一座，也是紫禁城最高的建筑。明永乐十八年（1420年）建成。<br>午门城台上有一座主楼，两侧为钟亭、鼓亭，两翼城台南端又各有攒尖的阙楼，因其形若凤凰展翅，故午门又被称作“五凤楼”，形制上继承了中国古代宫殿南以朱雀门为皇宫正门的传统<br>午门中央门洞为皇帝出入的“御路门”， 此外只有大婚时皇后喜轿入宫，殿试高中的状元、榜眼和探花出宫时可以走中门，以示皇帝的优崇。宗室王公则出入西门，文武官员出入东门。城台左右转角各辟一掖门，只在大朝日开启。<br>午门也是皇帝经常举行重要仪式的地方，皇帝出午门祭太庙时击鼓，祭社稷时鸣钟，举行大典时钟鼓齐鸣。遇有大规模的凯旋献俘礼，午门前举行庄严的大型仪式，皇帝登临城楼，尽显皇权威仪。<br>明代，皇帝处罚大臣的“廷杖”也在此进行，“推出午门斩首”的说法即由此讹传而来。<br>现午门中央城楼已辟为故宫博物院的重要展厅。<\/p>"},{"zoom":"1","part":"","part_code":"74b501c15025a865ff58d8e920e1a1c9_0","Name":"午门北","ID":"100130J9150518094123300","headind":"","pitch":"","audio":"data/audio/8001.mp3","text":"<p>午门为紫禁城正门，在南面城垣的正中，是紫禁城四座城门中最大的一座，也是紫禁城最高的建筑。明永乐十八年（1420年）建成。<br>午门城台上有一座主楼，两侧为钟亭、鼓亭，两翼城台南端又各有攒尖的阙楼，因其形若凤凰展翅，故午门又被称作“五凤楼”，形制上继承了中国古代宫殿南以朱雀门为皇宫正门的传统<br>午门中央门洞为皇帝出入的“御路门”， 此外只有大婚时皇后喜轿入宫，殿试高中的状元、榜眼和探花出宫时可以走中门，以示皇帝的优崇。宗室王公则出入西门，文武官员出入东门。城台左右转角各辟一掖门，只在大朝日开启。<br>午门也是皇帝经常举行重要仪式的地方，皇帝出午门祭太庙时击鼓，祭社稷时鸣钟，举行大典时钟鼓齐鸣。遇有大规模的凯旋献俘礼，午门前举行庄严的大型仪式，皇帝登临城楼，尽显皇权威仪。<br>明代，皇帝处罚大臣的“廷杖”也在此进行，“推出午门斩首”的说法即由此讹传而来。<br>现午门中央城楼已辟为故宫博物院的重要展厅。<\/p>"},{"zoom":"1","part":"","part_code":"74b501c15025a865ff58d8e920e1a1c9_0","Name":"午门北","ID":"100130J3150518112421000","headind":"","pitch":"","audio":"data/audio/8001.mp3","text":"<p>午门为紫禁城正门，在南面城垣的正中，是紫禁城四座城门中最大的一座，也是紫禁城最高的建筑。明永乐十八年（1420年）建成。<br>午门城台上有一座主楼，两侧为钟亭、鼓亭，两翼城台南端又各有攒尖的阙楼，因其形若凤凰展翅，故午门又被称作“五凤楼”，形制上继承了中国古代宫殿南以朱雀门为皇宫正门的传统<br>午门中央门洞为皇帝出入的“御路门”， 此外只有大婚时皇后喜轿入宫，殿试高中的状元、榜眼和探花出宫时可以走中门，以示皇帝的优崇。宗室王公则出入西门，文武官员出入东门。城台左右转角各辟一掖门，只在大朝日开启。<br>午门也是皇帝经常举行重要仪式的地方，皇帝出午门祭太庙时击鼓，祭社稷时鸣钟，举行大典时钟鼓齐鸣。遇有大规模的凯旋献俘礼，午门前举行庄严的大型仪式，皇帝登临城楼，尽显皇权威仪。<br>明代，皇帝处罚大臣的“廷杖”也在此进行，“推出午门斩首”的说法即由此讹传而来。<br>现午门中央城楼已辟为故宫博物院的重要展厅。<\/p>"},{"zoom":"1","part":"","part_code":"74b501c15025a865ff58d8e920e1a1c9_0","Name":"午门西北","ID":"100130J3150518090141000","headind":"","pitch":"","audio":"data/audio/8001.mp3","text":"<p>午门为紫禁城正门，在南面城垣的正中，是紫禁城四座城门中最大的一座，也是紫禁城最高的建筑。明永乐十八年（1420年）建成。<br>午门城台上有一座主楼，两侧为钟亭、鼓亭，两翼城台南端又各有攒尖的阙楼，因其形若凤凰展翅，故午门又被称作“五凤楼”，形制上继承了中国古代宫殿南以朱雀门为皇宫正门的传统<br>午门中央门洞为皇帝出入的“御路门”， 此外只有大婚时皇后喜轿入宫，殿试高中的状元、榜眼和探花出宫时可以走中门，以示皇帝的优崇。宗室王公则出入西门，文武官员出入东门。城台左右转角各辟一掖门，只在大朝日开启。<br>午门也是皇帝经常举行重要仪式的地方，皇帝出午门祭太庙时击鼓，祭社稷时鸣钟，举行大典时钟鼓齐鸣。遇有大规模的凯旋献俘礼，午门前举行庄严的大型仪式，皇帝登临城楼，尽显皇权威仪。<br>明代，皇帝处罚大臣的“廷杖”也在此进行，“推出午门斩首”的说法即由此讹传而来。<br>现午门中央城楼已辟为故宫博物院的重要展厅。<\/p>"},{"zoom":"1","part":"","part_code":"74b501c15025a865ff58d8e920e1a1c9_0","Name":"午门西北","ID":"100130J3150518090709000","headind":"","pitch":"","audio":"data/audio/8001.mp3","text":"<p>午门为紫禁城正门，在南面城垣的正中，是紫禁城四座城门中最大的一座，也是紫禁城最高的建筑。明永乐十八年（1420年）建成。<br>午门城台上有一座主楼，两侧为钟亭、鼓亭，两翼城台南端又各有攒尖的阙楼，因其形若凤凰展翅，故午门又被称作“五凤楼”，形制上继承了中国古代宫殿南以朱雀门为皇宫正门的传统<br>午门中央门洞为皇帝出入的“御路门”， 此外只有大婚时皇后喜轿入宫，殿试高中的状元、榜眼和探花出宫时可以走中门，以示皇帝的优崇。宗室王公则出入西门，文武官员出入东门。城台左右转角各辟一掖门，只在大朝日开启。<br>午门也是皇帝经常举行重要仪式的地方，皇帝出午门祭太庙时击鼓，祭社稷时鸣钟，举行大典时钟鼓齐鸣。遇有大规模的凯旋献俘礼，午门前举行庄严的大型仪式，皇帝登临城楼，尽显皇权威仪。<br>明代，皇帝处罚大臣的“廷杖”也在此进行，“推出午门斩首”的说法即由此讹传而来。<br>现午门中央城楼已辟为故宫博物院的重要展厅。<\/p>"},{"zoom":"1","part":"","part_code":"74b501c15025a865ff58d8e920e1a1c9_0","Name":"午门西北","ID":"100130J3150518091311000","headind":"","pitch":"","audio":"data/audio/8001.mp3","text":"<p>午门为紫禁城正门，在南面城垣的正中，是紫禁城四座城门中最大的一座，也是紫禁城最高的建筑。明永乐十八年（1420年）建成。<br>午门城台上有一座主楼，两侧为钟亭、鼓亭，两翼城台南端又各有攒尖的阙楼，因其形若凤凰展翅，故午门又被称作“五凤楼”，形制上继承了中国古代宫殿南以朱雀门为皇宫正门的传统<br>午门中央门洞为皇帝出入的“御路门”， 此外只有大婚时皇后喜轿入宫，殿试高中的状元、榜眼和探花出宫时可以走中门，以示皇帝的优崇。宗室王公则出入西门，文武官员出入东门。城台左右转角各辟一掖门，只在大朝日开启。<br>午门也是皇帝经常举行重要仪式的地方，皇帝出午门祭太庙时击鼓，祭社稷时鸣钟，举行大典时钟鼓齐鸣。遇有大规模的凯旋献俘礼，午门前举行庄严的大型仪式，皇帝登临城楼，尽显皇权威仪。<br>明代，皇帝处罚大臣的“廷杖”也在此进行，“推出午门斩首”的说法即由此讹传而来。<br>现午门中央城楼已辟为故宫博物院的重要展厅。<\/p>"},{"zoom":"1","part":"","part_code":"74b501c15025a865ff58d8e920e1a1c9_0","Name":"午门西北","ID":"100130J3150518091737000","headind":"","pitch":"","audio":"data/audio/8001.mp3","text":"<p>午门为紫禁城正门，在南面城垣的正中，是紫禁城四座城门中最大的一座，也是紫禁城最高的建筑。明永乐十八年（1420年）建成。<br>午门城台上有一座主楼，两侧为钟亭、鼓亭，两翼城台南端又各有攒尖的阙楼，因其形若凤凰展翅，故午门又被称作“五凤楼”，形制上继承了中国古代宫殿南以朱雀门为皇宫正门的传统<br>午门中央门洞为皇帝出入的“御路门”， 此外只有大婚时皇后喜轿入宫，殿试高中的状元、榜眼和探花出宫时可以走中门，以示皇帝的优崇。宗室王公则出入西门，文武官员出入东门。城台左右转角各辟一掖门，只在大朝日开启。<br>午门也是皇帝经常举行重要仪式的地方，皇帝出午门祭太庙时击鼓，祭社稷时鸣钟，举行大典时钟鼓齐鸣。遇有大规模的凯旋献俘礼，午门前举行庄严的大型仪式，皇帝登临城楼，尽显皇权威仪。<br>明代，皇帝处罚大臣的“廷杖”也在此进行，“推出午门斩首”的说法即由此讹传而来。<br>现午门中央城楼已辟为故宫博物院的重要展厅。<\/p>"},{"zoom":"1","part":"","part_code":"74b501c15025a865ff58d8e920e1a1c9_0","Name":"午门北","ID":"100130J3150518092419000","headind":"","pitch":"","audio":"data/audio/8001.mp3","text":"<p>午门为紫禁城正门，在南面城垣的正中，是紫禁城四座城门中最大的一座，也是紫禁城最高的建筑。明永乐十八年（1420年）建成。<br>午门城台上有一座主楼，两侧为钟亭、鼓亭，两翼城台南端又各有攒尖的阙楼，因其形若凤凰展翅，故午门又被称作“五凤楼”，形制上继承了中国古代宫殿南以朱雀门为皇宫正门的传统<br>午门中央门洞为皇帝出入的“御路门”， 此外只有大婚时皇后喜轿入宫，殿试高中的状元、榜眼和探花出宫时可以走中门，以示皇帝的优崇。宗室王公则出入西门，文武官员出入东门。城台左右转角各辟一掖门，只在大朝日开启。<br>午门也是皇帝经常举行重要仪式的地方，皇帝出午门祭太庙时击鼓，祭社稷时鸣钟，举行大典时钟鼓齐鸣。遇有大规模的凯旋献俘礼，午门前举行庄严的大型仪式，皇帝登临城楼，尽显皇权威仪。<br>明代，皇帝处罚大臣的“廷杖”也在此进行，“推出午门斩首”的说法即由此讹传而来。<br>现午门中央城楼已辟为故宫博物院的重要展厅。<\/p>"}]